-- ============================================================================
-- IMPORTAÇÃO FINAL KINGHOST - DADOS CORRIGIDOS
-- Data: 26 de novembro de 2025
-- Convertido dos TXT files originais
-- ============================================================================

SET FOREIGN_KEY_CHECKS=0;

-- ============================================================================
-- 1. LIMPAR E RECARREGAR TABELA: tabfant (PROJETOS)
-- DELETE + INSERT para substituição completa
-- ============================================================================

DELETE FROM tabfant;

INSERT INTO tabfant (CDPROJETO, NOMEPROJETO, UF) VALUES
(1, 'CEF - RS', 'RS'),
(2, 'CASAN', 'SC'),
(3, 'DATAPREV - BA', 'BA'),
(4, 'CEF - CE', 'CE'),
(5, 'DATAPREV - CE', 'CE'),
(6, 'DATAPREV/SER-RS', 'RS'),
(7, 'DATAPREV - MT', 'MT'),
(8, 'SEDE', 'SC'),
(9, 'CEFAM-DT', 'AM'),
(10, 'CEF - RR', 'RR'),
(11, 'CEFRO-DT', 'RO'),
(12, 'CEF - AC', 'AC'),
(13, 'INSS - RS', 'RS'),
(14, 'CEF-GO', 'GO'),
(15, 'CEF-MG', 'MG'),
(16, 'CEF - SC', 'SC'),
(17, 'CEFRO-OP', 'PR'),
(18, 'CEFAM-OP', 'AM'),
(19, 'SMT-RS', 'RS'),
(20, 'CEF-SE', 'SE'),
(21, 'DATAPREV/LOC-RS', 'RS'),
(22, 'IBGE-RS', 'RS'),
(23, 'DATAPREV-AM', 'AM'),
(24, 'CEEE-RS', 'RS'),
(25, 'BB-AM', 'AM'),
(26, 'CEF/SC-OESTE', 'SC'),
(27, 'IBGE/AM', 'AM'),
(28, 'IBGE/RS', 'RS'),
(29, 'SMT-RS', 'RS'),
(30, 'DATAPREV/GO', 'GO'),
(31, 'IBGE-SC', 'SC'),
(32, 'BCO.MERIDIONAL', 'SC'),
(33, 'PF-MT', 'MT'),
(34, 'CEF-RJ', 'RJ'),
(35, 'PF-AC', 'AC'),
(36, 'PF-DF', 'DF'),
(37, 'PROCERGS', 'RS'),
(38, 'ELETRONORTE', 'DF'),
(39, 'CEF/TELE-RS', 'RS'),
(40, 'SEBRAE-RS', 'RS'),
(41, 'INSS-AM', 'AM'),
(42, 'PMF-SC', 'SC'),
(43, 'PF-RS', 'RS'),
(44, 'SMT-RS', 'RS'),
(45, 'CEFAM-OP', 'AM'),
(46, 'CEF/TELE-MG', 'MG'),
(47, 'CASAN/CAD', 'SC'),
(48, 'CEF/VARGINHA-MG', 'MG'),
(49, 'CEF/TELE-BA', 'BA'),
(50, 'CEF-MG', 'MG'),
(51, 'CEF/TELE-CE', 'CE'),
(52, 'xINSS-SC', 'SC'),
(53, 'CEF-AM', 'AM'),
(54, 'IBGE-SC', 'SC'),
(55, 'CEF/HD-BA', 'BA'),
(56, 'CEF/02-RS', 'RS'),
(57, 'INCRA-SC', 'SC'),
(60, 'TELEACRE', 'AC'),
(61, 'TELESC', 'SC'),
(62, 'PM-SALVADOR', 'BA'),
(63, 'CEF/TELE-RN', 'RN'),
(64, 'BCO. BRADESCO', 'SC'),
(65, 'GRUPO UNIDOS', 'SC'),
(66, 'DEINFRA-SC', 'SC'),
(67, 'MERIDIONAL-RS', 'RS'),
(68, 'SEBRAE-SC', 'SC'),
(69, 'CEF/OP-RS', 'RS'),
(70, 'xx.CEF/LIMP-RS', 'RS'),
(71, 'TJ-SC', 'SC'),
(72, 'IBGE-SC', 'SC'),
(73, 'CEF-BA', 'BA'),
(74, 'SEBRAE-SC', 'SC'),
(75, 'SSM-FPOLIS', 'SC'),
(76, 'SENAC', 'SC'),
(77, 'PF/AC-2', 'AC'),
(78, 'xPF-PR', 'PR'),
(79, 'BRADESCO-PR/1', 'PR'),
(80, 'BRADESCO-PR/2', 'PR'),
(81, 'BRADESCO-RS', 'RS'),
(82, 'PF-MT/2', 'MT'),
(83, 'CEF/TELE-BA', 'BA'),
(84, 'O ESTADO', NULL),
(85, 'COHAB-SC', 'SC'),
(86, 'FUNASA-SC', 'SC'),
(87, 'BADESC', 'SC'),
(88, 'PF-BA', 'BA'),
(89, 'IBGE-PR', 'PR'),
(90, 'ANATEL-SC', 'SC'),
(91, 'SESC-SC', 'SC'),
(92, 'R.FEDERAL LAGES', 'SC'),
(93, 'RFFSA', 'SC'),
(95, 'INC-DF', 'DF'),
(96, 'PF-SE', 'SE'),
(97, 'MINIST.SAUDE-SC', 'SC'),
(98, 'SES-RJ', 'RJ'),
(100, 'EBCT-SC', 'SC'),
(102, 'FCEE-SC', 'SC'),
(103, 'CIDASC', 'SC'),
(104, 'CELESC', 'SC'),
(105, 'CEF/TELE-MG', 'MG'),
(106, 'FURNAS-RJ', 'RJ'),
(107, 'COND. TOP TOWER', 'SC'),
(108, 'TRIB.JUSTICA', 'SC'),
(109, 'PF-SE', 'SE'),
(110, 'PF-SC', 'SC'),
(111, 'IBGE-SC', 'SC'),
(112, 'SENADO FEDERAL', 'DF'),
(113, 'UFS-SE', 'SE'),
(114, 'SANTUR', 'SC'),
(115, 'PM JUIZ DE FORA', 'SC'),
(116, 'CEF-SP', 'SP'),
(117, 'CEF-SP 2', 'SP'),
(118, 'CEF-CE', 'CE'),
(119, 'ELETROSUL', 'SC'),
(120, 'FURNAS 2', 'RJ'),
(121, 'JF-SE', 'SE'),
(122, 'CEF-SC', 'SC'),
(123, 'IPHAN-SC', 'SC'),
(124, 'EBCT-1', 'SC'),
(125, 'EBCT-2', 'SC'),
(126, 'PMF-SC-1', 'SC'),
(127, 'CEF-AM', 'AM'),
(128, 'CEF-ES', 'ES'),
(129, 'CEF-SP 3', 'SP'),
(130, 'CEF-GO2', 'GO'),
(131, 'CEF - RJ1', 'RJ'),
(132, 'CEF - RJ2', 'RJ'),
(133, 'CEF-SP4', 'SP'),
(134, 'PM-S.BENTO SUL', 'SC'),
(135, 'CEF - RJ3', 'RJ'),
(136, 'PETROBRAS-RJ', 'RJ'),
(137, 'ARCADIS', 'SC'),
(138, 'CEF-RJ 4', 'RJ'),
(139, 'INMETRO-SC', 'SC'),
(140, 'UDESC', 'SC'),
(141, 'SDR-ITAJAI', 'SC'),
(142, 'TJ-SC 2', 'SC'),
(143, 'GVT-SC', 'SC'),
(144, 'MF-RJ', 'RJ'),
(145, 'FEESC', 'SC'),
(146, 'UFS-SE2', 'SE'),
(147, 'FMS-FPOLIS', 'SC'),
(148, 'CEF-SP5', 'SP'),
(149, 'CEF-RJ 5', 'RJ'),
(150, 'UFRJ', 'RJ'),
(151, 'CLUBEDOZE', 'SC'),
(152, 'MF-RJ2', 'RJ'),
(153, 'CEF-SP6', 'SP'),
(154, 'ORLI KOCK-ME', 'SC'),
(155, 'FUNASA-SE', 'SE'),
(156, 'LAR SFA', 'SC'),
(157, 'COMLURB', 'RJ'),
(158, 'C.O SÃO JORGE', 'SC'),
(159, 'CASAN', 'SC'),
(160, 'UDESC 2', 'SC'),
(161, 'INMETRO-GO', 'GO'),
(162, 'PSA INFORMÁTICA', 'SC'),
(163, 'PETROBRAS-RJ2', 'RJ'),
(164, 'SDR-TAIO', 'SC'),
(165, 'CEF-SC/LIMP 1', 'SC'),
(166, 'CEF-SC/LIMP 2', 'SC'),
(167, 'CEF-PR 1', 'PR'),
(168, 'CEF-PR 2', 'PR'),
(169, 'BB-SP', 'SP'),
(170, 'SINE', 'SC'),
(171, 'DNPM-PR', 'PR'),
(172, 'INSS -  PIRACICABA', 'SP'),
(173, 'CIANET', 'SC'),
(174, 'PETROBRAS-RJ3', 'RJ'),
(175, 'BB-MG', 'MG'),
(176, 'AGU-SP', 'SP'),
(177, 'BB-DF', 'DF'),
(178, 'CEF/APOIO-PR', 'PR'),
(179, 'SERPRO', 'SC'),
(180, 'AGU-CE', 'CE'),
(181, 'BB-SP2', 'SP'),
(182, 'BB-PR', 'PR'),
(183, 'JF-RJ', 'RJ'),
(184, 'UFABC-SP', 'SP'),
(185, 'DRF/MARILIA-SP', 'SP'),
(186, 'PF-SP', 'SP'),
(187, 'PF-PR', 'PR'),
(188, 'PF-SC 2', 'SC'),
(189, 'AGU-ES', 'ES'),
(190, 'INSS-SC', 'SC'),
(191, 'EMBRATUR-DF', 'DF'),
(192, 'CEF-RJ 6', 'RJ'),
(193, 'SENADO FEDERAL 2', 'DF'),
(194, 'PLANSUL-CAMPINAS', 'SP'),
(195, 'PLANSUL - RJ', 'RJ'),
(196, 'PLANSUL - SE', 'SE'),
(197, 'PLANSUL - MG', 'MG'),
(198, 'PLANSUL - CE', 'CE'),
(199, 'PLANSUL - PR', 'PR'),
(200, 'FILIAL-RS', 'RS'),
(201, 'CEF - RS', 'RS'),
(237, 'PROCERGS', 'RS'),
(240, 'SEBRAE-RS', 'RS'),
(267, 'MERIDIONAL-RS', 'RS'),
(270, 'xCEF/LIMP-RS', 'RS'),
(281, 'BRADESCO-RS', 'RS'),
(282, 'DETRAN-RS 1', 'RS'),
(283, 'DETRAN-RS 2', 'RS'),
(284, 'CEASA-RS', 'RS'),
(285, 'ASCAR-RS', 'RS'),
(286, 'INPI-RS', 'RS'),
(287, 'PRF-RS', 'RS'),
(288, 'CEF/LIMP-RS', 'PR'),
(289, 'CAIXA ESTADUAL-RS', 'RS'),
(290, 'SEBRAE-RS 2', 'RS'),
(291, 'SEBRAE-RS 3', 'RS'),
(292, 'CEF-REC-RS', 'RS'),
(293, 'JF-RS', 'RS'),
(294, 'SEBRAE-RS 4', 'RS'),
(295, 'JF-RS 2', 'RS'),
(296, 'PROCEMPA-RS', 'RS'),
(297, 'PMPOA-SAMU', 'RS'),
(298, 'JC-RS', 'RS'),
(299, 'JF-RS 3', 'RS'),
(300, 'PROCEMPA-RS 2', 'RS'),
(301, 'CEF-RS/APOIO', 'RS'),
(302, 'PMPOA-SAMU2', 'RS'),
(303, 'PETROBRAS/RS', 'RS'),
(304, 'PF-RS', 'RS'),
(305, 'BB-RS', 'RS'),
(306, 'BB-RS2', 'RS'),
(307, 'BB-RS3', 'RS'),
(308, 'SMS/RS', 'RS'),
(309, 'DRF/CXL-RS', 'RS'),
(310, 'MF-RS', 'RS'),
(311, 'DRF/SANTA MARIA-RS', 'RS'),
(312, 'CEF-LIMP-RS 2', 'RS'),
(313, 'CEF-LIMP-RS 3', 'RS'),
(314, 'SMS-RS 2', 'RS'),
(315, 'SEBRAE/RS-5', 'RS'),
(316, 'DENIT-RS', 'RS'),
(317, 'TJ-RS', 'RS'),
(318, 'PF-RS2', 'RS'),
(319, 'SES-RS', 'RS'),
(320, 'DETRAN-RS-3', 'RS'),
(321, 'GHC-RS-1', 'RS'),
(322, 'GHC-RS-2', 'RS'),
(323, 'DNIT-RS-2', 'RS'),
(324, 'UFRGS', 'RS'),
(401, 'INPI-PE', 'PE'),
(402, 'INPI-CE', 'CE'),
(403, 'MC-SP', 'SP'),
(404, 'DRF-SOROCABA-SP', 'SP'),
(405, 'DRF-SAOPAULO-SP', 'SP'),
(406, 'IPRAJ', 'SE'),
(407, 'PLANSUL - DF', 'DF'),
(408, 'BB-SP3', 'SP'),
(409, 'CÂMARA - LIM', 'DF'),
(410, 'CÂMARA - RÁDIO', 'DF'),
(411, 'CÂMARA - TELE', 'DF'),
(412, 'CÂMARA - TV', 'DF'),
(413, 'BB-ES', 'ES'),
(414, 'CÂMARA - OP', 'DF'),
(415, 'ACAFE-SC', 'SC'),
(416, 'CEF/TELE-DF', 'DF'),
(417, 'DNPM-DF', 'DF'),
(418, 'BB-PR-TEL', 'PR'),
(419, 'BB-PR-LIMP', 'PR'),
(420, 'DRF-MARINGA-PR', 'SC'),
(421, 'TCE-CE', 'CE'),
(422, 'MEC-DF', 'DF'),
(423, 'SENADO FEDERAL-3', 'DF'),
(424, 'TRT-SC', 'SC'),
(425, 'DRF-ITAJAI-SC', 'SC'),
(426, 'CÂMARA - GRAFICA', 'DF'),
(427, 'TRT-CAMPINAS-SP', 'SP'),
(428, 'CAMARA - OP2', 'DF'),
(429, 'BB-SP-4', 'SP'),
(430, 'CÂMARA - ELETRO', 'DF'),
(445, 'UFSC-2', 'SC'),
(456, 'SESAI 1 - ARAÇUAI', 'SC'),
(457, 'SESAI 2 - CHAPECÓ', 'SC'),
(458, 'SESAI 3 - JOSE BOITEUX', 'SC'),
(463, 'MF  LAGES', 'SC'),
(487, 'AGRONÔMICA', 'SC'),
(492, 'ARARANGUA', 'SC'),
(501, 'SD FLORIANOPOLIS', 'SC'),
(522, 'GENERICO', 'MG'),
(523, 'GENERICO 2', 'MG'),
(530, 'LIMPEZA', 'SC'),
(545, 'FILIAL 1', 'SC'),
(552, 'FILIAL 2', 'SC'),
(577, 'SD SANTA CATARINA', 'SC'),
(613, 'SD FLORIANOPOLIS 2', 'SC'),
(618, 'SD FLORIANOPOLIS 4', 'SC'),
(632, 'SD FLORIANOPOLIS 3', 'SC'),
(648, 'SD BELO HORIZONTE', 'MG'),
(650, 'SD RIO DE JANEIRO', 'RJ'),
(100001, 'DEPÓSITO JARDIM ATLANTICO', 'SC'),
(778, 'XINSS-SP', 'SP'),
(779, 'BRADESCO PR-1', 'PR'),
(780, 'BRADESCO PR-2', 'PR'),
(789, 'IBGE-PR', 'PR'),
(790, 'MP-PR', 'PR'),
(99991, 'CEF-CE-406', 'CE'),
(99992, 'PART. ROGERIO', 'SC'),
(99993, 'xPART. RODRIGO - Usar RBG', 'SC'),
(99994, 'PART. SANDRA', 'SC'),
(99995, 'x PART. RAFAEL - Usar RBG', 'SC'),
(99996, 'RCG', 'SC'),
(9550, 'PLANSUL - ES', 'ES'),
(9999999, 'SUPER-ROSA', 'SC'),
(77770, 'CÂMARA GRAF. 7900', 'DF'),
(77771, 'CEF-R1-131', 'RJ'),
(77772, 'CEF-RJ2-132', 'RJ'),
(77773, 'CAIXA-SC-122', 'SC'),
(77774, 'CEF-TELE-MG-105', 'MG'),
(0, 'NÃO APLICÁVEL', 'PR'),
(998, 'FURNAS-RJ PROV', 'SC'),
(999, 'FURNAS-RJ2 PROV', 'RJ');

-- ============================================================================
-- 2. LIMPAR E RECARREGAR TABELA: locais_projeto (LOCAIS DO PROJETO)
-- DELETE + INSERT com relacionamento correto via CDFANTASIA
-- ============================================================================

DELETE FROM locais_projeto;

INSERT INTO locais_projeto (cdlocal, delocal, tabfant_id) VALUES
(1, 'PLANSUL  MATRIZ', (SELECT id FROM tabfant WHERE CDPROJETO = 8 LIMIT 1)),
(121, 'AGRONÔMICA', (SELECT id FROM tabfant WHERE CDPROJETO = 487 LIMIT 1)),
(101, 'ANITA GARIBALDI', (SELECT id FROM tabfant WHERE CDPROJETO = 487 LIMIT 1)),
(133, 'SÃO JOÃO BATISTA', (SELECT id FROM tabfant WHERE CDPROJETO = 487 LIMIT 1)),
(105, 'CEL. AMERICO', (SELECT id FROM tabfant WHERE CDPROJETO = 487 LIMIT 1)),
(116, 'UNIVERSITÁRIA', (SELECT id FROM tabfant WHERE CDPROJETO = 487 LIMIT 1)),
(103, 'BIGUAÇU', (SELECT id FROM tabfant WHERE CDPROJETO = 487 LIMIT 1)),
(110, 'MIRAMAR', (SELECT id FROM tabfant WHERE CDPROJETO = 487 LIMIT 1)),
(125, 'TIJUCAS', (SELECT id FROM tabfant WHERE CDPROJETO = 487 LIMIT 1)),
(134, 'CAMPECHE', (SELECT id FROM tabfant WHERE CDPROJETO = 487 LIMIT 1)),
(131, 'CAMBIRELA', (SELECT id FROM tabfant WHERE CDPROJETO = 487 LIMIT 1)),
(115, 'TERRA FIRME', (SELECT id FROM tabfant WHERE CDPROJETO = 487 LIMIT 1)),
(101, 'LIMPEZA', (SELECT id FROM tabfant WHERE CDPROJETO = 530 LIMIT 1)),
(108, 'KOBRASOL', (SELECT id FROM tabfant WHERE CDPROJETO = 487 LIMIT 1)),
(123, 'MÓVEL', (SELECT id FROM tabfant WHERE CDPROJETO = 487 LIMIT 1)),
(801, 'MF  LAGES', (SELECT id FROM tabfant WHERE CDPROJETO = 463 LIMIT 1)),
(101, 'SESAI 1 - ARAQUARI', (SELECT id FROM tabfant WHERE CDPROJETO = 456 LIMIT 1)),
(101, 'SESAI 3 - JOSE BOITEUX', (SELECT id FROM tabfant WHERE CDPROJETO = 458 LIMIT 1)),
(101, 'SESAI 2 - CHAPECÓ', (SELECT id FROM tabfant WHERE CDPROJETO = 457 LIMIT 1)),
(502, 'CRICIUMA - SR SUL', (SELECT id FROM tabfant WHERE CDPROJETO = 487 LIMIT 1)),
(510, 'SOMBRIO', (SELECT id FROM tabfant WHERE CDPROJETO = 487 LIMIT 1)),
(503, 'CRICIUMA - AG OURO NEGRO', (SELECT id FROM tabfant WHERE CDPROJETO = 487 LIMIT 1)),
(517, 'LAGES - AG CORAL', (SELECT id FROM tabfant WHERE CDPROJETO = 487 LIMIT 1)),
(303, 'JOINVILLE', (SELECT id FROM tabfant WHERE CDPROJETO = 487 LIMIT 1)),
(302, 'PIRABEIRABA', (SELECT id FROM tabfant WHERE CDPROJETO = 487 LIMIT 1)),
(311, 'CANOINHAS', (SELECT id FROM tabfant WHERE CDPROJETO = 487 LIMIT 1)),
(516, 'LAGES', (SELECT id FROM tabfant WHERE CDPROJETO = 487 LIMIT 1)),
(311, 'ERVAL VELHO', (SELECT id FROM tabfant WHERE CDPROJETO = 492 LIMIT 1)),
(307, 'MAFRA', (SELECT id FROM tabfant WHERE CDPROJETO = 487 LIMIT 1)),
(8, 'ARARANGUA', (SELECT id FROM tabfant WHERE CDPROJETO = 492 LIMIT 1)),
(113, 'BRAÇO DO NORTE', (SELECT id FROM tabfant WHERE CDPROJETO = 492 LIMIT 1)),
(120, 'PEDRAS GRANDES', (SELECT id FROM tabfant WHERE CDPROJETO = 492 LIMIT 1)),
(3, 'RIO FORTUNA', (SELECT id FROM tabfant WHERE CDPROJETO = 492 LIMIT 1)),
(24, 'PERITIBA', (SELECT id FROM tabfant WHERE CDPROJETO = 492 LIMIT 1)),
(115, 'SÃO JOÃO DO SUL', (SELECT id FROM tabfant WHERE CDPROJETO = 492 LIMIT 1)),
(5, 'GRÃO PARÁ', (SELECT id FROM tabfant WHERE CDPROJETO = 492 LIMIT 1)),
(108, 'TIMBÉ DO SUL', (SELECT id FROM tabfant WHERE CDPROJETO = 492 LIMIT 1)),
(202, 'RIO MAINA', (SELECT id FROM tabfant WHERE CDPROJETO = 492 LIMIT 1)),
(10, 'SÃO MARTINHO', (SELECT id FROM tabfant WHERE CDPROJETO = 492 LIMIT 1)),
(11, 'TUBARÃO', (SELECT id FROM tabfant WHERE CDPROJETO = 487 LIMIT 1)),
(102, 'SANTA ROSA DO SUL', (SELECT id FROM tabfant WHERE CDPROJETO = 492 LIMIT 1)),
(42, 'VIDEIRA', (SELECT id FROM tabfant WHERE CDPROJETO = 492 LIMIT 1)),
(44, 'CAXADOR', (SELECT id FROM tabfant WHERE CDPROJETO = 492 LIMIT 1)),
(7, 'SIDEROPOLIS', (SELECT id FROM tabfant WHERE CDPROJETO = 492 LIMIT 1)),
(55, 'JOAÇABA', (SELECT id FROM tabfant WHERE CDPROJETO = 492 LIMIT 1)),
(32, 'IBICARE', (SELECT id FROM tabfant WHERE CDPROJETO = 492 LIMIT 1)),
(54, 'TIMBO GRANDE', (SELECT id FROM tabfant WHERE CDPROJETO = 492 LIMIT 1)),
(11, 'TUBARÃO', (SELECT id FROM tabfant WHERE CDPROJETO = 492 LIMIT 1)),
(1, 'HU', (SELECT id FROM tabfant WHERE CDPROJETO = 445 LIMIT 1)),
(2, 'MF CRICIUMA', (SELECT id FROM tabfant WHERE CDPROJETO = 463 LIMIT 1)),
(18, 'IÇARA', (SELECT id FROM tabfant WHERE CDPROJETO = 492 LIMIT 1)),
(201, 'LAGES', (SELECT id FROM tabfant WHERE CDPROJETO = 492 LIMIT 1)),
(12, 'MARACAJÁ', (SELECT id FROM tabfant WHERE CDPROJETO = 492 LIMIT 1)),
(119, 'LAGUNA', (SELECT id FROM tabfant WHERE CDPROJETO = 492 LIMIT 1)),
(39, 'OURO', (SELECT id FROM tabfant WHERE CDPROJETO = 492 LIMIT 1)),
(7, 'SIDERÓPOLIS', (SELECT id FROM tabfant WHERE CDPROJETO = 492 LIMIT 1)),
(6, 'IMARUI', (SELECT id FROM tabfant WHERE CDPROJETO = 492 LIMIT 1)),
(116, 'SANTA ROSA DE LIMA', (SELECT id FROM tabfant WHERE CDPROJETO = 492 LIMIT 1)),
(71, 'MF CHAPECÓ', (SELECT id FROM tabfant WHERE CDPROJETO = 463 LIMIT 1)),
(321, 'IBICARE', (SELECT id FROM tabfant WHERE CDPROJETO = 492 LIMIT 1)),
(54, 'TIMBÉ GRANDE', (SELECT id FROM tabfant WHERE CDPROJETO = 492 LIMIT 1)),
(201, 'CENTENÁRIO', (SELECT id FROM tabfant WHERE CDPROJETO = 492 LIMIT 1)),
(501, 'CRICIUMA', (SELECT id FROM tabfant WHERE CDPROJETO = 487 LIMIT 1)),
(421, 'AG VIDEIRA', (SELECT id FROM tabfant WHERE CDPROJETO = 492 LIMIT 1)),
(538, 'AG GAROPABA', (SELECT id FROM tabfant WHERE CDPROJETO = 487 LIMIT 1)),
(1, 'FLORIANÓPOLIS', (SELECT id FROM tabfant WHERE CDPROJETO = 463 LIMIT 1)),
(4, 'BLUMENAU', (SELECT id FROM tabfant WHERE CDPROJETO = 463 LIMIT 1)),
(11, 'FLORIANOPOLIS', (SELECT id FROM tabfant WHERE CDPROJETO = 85 LIMIT 1)),
(5011, 'PR FPOLIS', (SELECT id FROM tabfant WHERE CDPROJETO = 501 LIMIT 1)),
(530, 'ESCRITORIO SC', (SELECT id FROM tabfant WHERE CDPROJETO = 8 LIMIT 1)),
(1, 'FILIAL', (SELECT id FROM tabfant WHERE CDPROJETO = 197 LIMIT 1)),
(1, 'FILIAL', (SELECT id FROM tabfant WHERE CDPROJETO = 195 LIMIT 1)),
(1, 'FILIAL', (SELECT id FROM tabfant WHERE CDPROJETO = 198 LIMIT 1)),
(1, 'FILIAL', (SELECT id FROM tabfant WHERE CDPROJETO = 407 LIMIT 1)),
(1, 'FILIAL', (SELECT id FROM tabfant WHERE CDPROJETO = 199 LIMIT 1)),
(1, 'FILIAL', (SELECT id FROM tabfant WHERE CDPROJETO = 530 LIMIT 1)),
(1, 'FILIAL', (SELECT id FROM tabfant WHERE CDPROJETO = 196 LIMIT 1)),
(1, 'FILIAL', (SELECT id FROM tabfant WHERE CDPROJETO = 545 LIMIT 1)),
(1, 'FILIAL', (SELECT id FROM tabfant WHERE CDPROJETO = 194 LIMIT 1)),
(1, 'FILIAL', (SELECT id FROM tabfant WHERE CDPROJETO = 552 LIMIT 1)),
(1, 'ESCRITORIO SC', (SELECT id FROM tabfant WHERE CDPROJETO = 137 LIMIT 1)),
(1, 'ESCRITORIO', (SELECT id FROM tabfant WHERE CDPROJETO = 413 LIMIT 1)),
(50, 'VALE DO ITAJAI', (SELECT id FROM tabfant WHERE CDPROJETO = 487 LIMIT 1)),
(1, 'VALE ITAJAI', (SELECT id FROM tabfant WHERE CDPROJETO = 577 LIMIT 1)),
(2, 'OESTE', (SELECT id FROM tabfant WHERE CDPROJETO = 577 LIMIT 1)),
(3, 'NORTE', (SELECT id FROM tabfant WHERE CDPROJETO = 577 LIMIT 1)),
(301, 'JARAGUA DO SUL - EQUIPE MÓVEL', (SELECT id FROM tabfant WHERE CDPROJETO = 487 LIMIT 1)),
(504, 'PR - SC - SÃO MIGUEL D OESTE', (SELECT id FROM tabfant WHERE CDPROJETO = 501 LIMIT 1)),
(51, 'CORUPÁ', (SELECT id FROM tabfant WHERE CDPROJETO = 487 LIMIT 1)),
(3, 'MOVEL OESTE', (SELECT id FROM tabfant WHERE CDPROJETO = 487 LIMIT 1)),
(3, 'JOINVILLE', (SELECT id FROM tabfant WHERE CDPROJETO = 463 LIMIT 1)),
(1, 'LESTE', (SELECT id FROM tabfant WHERE CDPROJETO = 487 LIMIT 1)),
(2, 'VALE DO ITAJAI', (SELECT id FROM tabfant WHERE CDPROJETO = 487 LIMIT 1)),
(3, 'NORTE', (SELECT id FROM tabfant WHERE CDPROJETO = 487 LIMIT 1)),
(4, 'OESTE', (SELECT id FROM tabfant WHERE CDPROJETO = 487 LIMIT 1)),
(5, 'SUL', (SELECT id FROM tabfant WHERE CDPROJETO = 487 LIMIT 1)),
(9, 'JOACABA', (SELECT id FROM tabfant WHERE CDPROJETO = 463 LIMIT 1)),
(6, 'ITAJAI', (SELECT id FROM tabfant WHERE CDPROJETO = 463 LIMIT 1)),
(1, 'FLORIANÓPOLIS', (SELECT id FROM tabfant WHERE CDPROJETO = 613 LIMIT 1)),
(1, 'FLORIANOPOLIS', (SELECT id FROM tabfant WHERE CDPROJETO = 632 LIMIT 1)),
(6321, 'FLORIANOPOLIS SC 401 SACO GRANDE', (SELECT id FROM tabfant WHERE CDPROJETO = 632 LIMIT 1)),
(6131, 'FLORIANOPOLIS RUA VICTOR MEIRELLES, 198 CENTRO', (SELECT id FROM tabfant WHERE CDPROJETO = 613 LIMIT 1)),
(6322, 'FLORIANÓPOLIS RUA DELFINO LONTI, 306 UFSC TRINDADE', (SELECT id FROM tabfant WHERE CDPROJETO = 632 LIMIT 1)),
(6323, 'FLORIANÓPOLIS RUA BOCAIUVA, 2125 CENTRO', (SELECT id FROM tabfant WHERE CDPROJETO = 632 LIMIT 1)),
(4631, 'FLORIANÓPOLIS RUA NUNES MACHADO,192 SAMF CENTRO', (SELECT id FROM tabfant WHERE CDPROJETO = 463 LIMIT 1)),
(4632, 'FLORIANÓPOLIS RUA ARCIPRESTE PAIVA, 107 PFN CENTRO', (SELECT id FROM tabfant WHERE CDPROJETO = 463 LIMIT 1)),
(4633, 'FLORIANÓPOLIS RUA CONSELHEIRO MAFRA,  CGU CENTRO', (SELECT id FROM tabfant WHERE CDPROJETO = 463 LIMIT 1)),
(4634, 'FLORIANÓPOLIS RUA DOS ILHÉUS, 336 SPU CENTRO', (SELECT id FROM tabfant WHERE CDPROJETO = 463 LIMIT 1)),
(1, 'DEPÓSITO JARDIM ATLANTICO - FLORIANÓPOLIS', (SELECT id FROM tabfant WHERE CDPROJETO = 100001 LIMIT 1)),
(6324, 'SÃO JOSE SC AV. JOÃO LEDIO MARTINS, 180 KOBRASOL', (SELECT id FROM tabfant WHERE CDPROJETO = 632 LIMIT 1)),
(1, 'BH', (SELECT id FROM tabfant WHERE CDPROJETO = 648 LIMIT 1)),
(2, 'ARQUIVO MORTO - JARDIM ATLANTICO', (SELECT id FROM tabfant WHERE CDPROJETO = 100001 LIMIT 1)),
(1, 'INSS RIO DE JANEIRO', (SELECT id FROM tabfant WHERE CDPROJETO = 650 LIMIT 1)),
(1, 'RUA ESTEVES JUNIOR Nº 395 CENTRO FLORIANÓPOLIS', (SELECT id FROM tabfant WHERE CDPROJETO = 618 LIMIT 1)),
(1, 'SUPERINTENDENCIA REGIOAL DO TRABALHO - FILIAL CHAPECÓ', (SELECT id FROM tabfant WHERE CDPROJETO = 613 LIMIT 1)),
(3, 'RH SC - DEPTO PESSOAL/SC', (SELECT id FROM tabfant WHERE CDPROJETO = 530 LIMIT 1));

-- ============================================================================
-- 3. PATRIMÔNIOS - APENAS COMPLEMENTAR (INSERT IGNORE)
-- ============================================================================

INSERT IGNORE INTO patr (NUPATRIMONIO, SITUACAO, MARCA, CDLOCAL, MODELO, COR, DTAQUISICAO, DEHISTORICO, CDMATRFUNCIONARIO, CDPROJETO, USUARIO, DTOPERACAO, NUMOF, CODOBJETO, FLCONFERIDO) VALUES
(5640, NULL, 'LAVOR', 1, 'MAXX 1600', NULL, STR_TO_DATE('18/07/2014', '%d/%m/%Y'), 'Monte Alegre de Minas', 80441, 522, NULL, NULL, NULL, NULL, 'N'),
(5679, NULL, 'LAVOR', 1, 'MAXX 1600', NULL, STR_TO_DATE('18/07/2014', '%d/%m/%Y'), 'Serro', 80441, 522, NULL, NULL, NULL, NULL, 'N'),
(5746, NULL, 'LAVOR', 1, 'MAXX 1600', NULL, STR_TO_DATE('18/07/2014', '%d/%m/%Y'), 'Três Marias', 80441, 522, NULL, NULL, NULL, NULL, 'N'),
(5747, NULL, 'LAVOR', 1, '1600 MAXX', NULL, STR_TO_DATE('18/07/2014', '%d/%m/%Y'), 'Araçuaí', 80441, 523, NULL, NULL, NULL, NULL, 'N'),
(456, 'EEERRR33333', '333', 1, '11', '11', STR_TO_DATE('17/07/2014', '%d/%m/%Y'), '111', 43377, 33, NULL, NULL, NULL, NULL, 'N'),
(1, NULL, NULL, 1, NULL, NULL, STR_TO_DATE('11/12/2011', '%d/%m/%Y'), NULL, 884, 8, NULL, NULL, NULL, NULL, 'N'),
(2, NULL, NULL, 1, NULL, NULL, STR_TO_DATE('11/12/2011', '%d/%m/%Y'), NULL, 884, 8, NULL, NULL, NULL, NULL, 'N'),
(3, 'EM USO', NULL, 1, NULL, NULL, NULL, 'AUDITÓRIO', 133838, 8, 'RYAN', STR_TO_DATE('03/10/2024', '%d/%m/%Y'), '44136', '467', NULL),
(4, NULL, NULL, 1, NULL, NULL, STR_TO_DATE('11/12/2011', '%d/%m/%Y'), NULL, 884, 8, NULL, NULL, NULL, NULL, 'N'),
(5, NULL, NULL, 1, NULL, NULL, STR_TO_DATE('11/12/2011', '%d/%m/%Y'), NULL, 884, 8, NULL, NULL, NULL, NULL, 'N'),
(6, NULL, NULL, 1, NULL, NULL, STR_TO_DATE('11/12/2011', '%d/%m/%Y'), NULL, 884, 8, NULL, NULL, NULL, NULL, 'N'),
(7, 'EM USO', NULL, 1, NULL, NULL, STR_TO_DATE('11/12/2011', '%d/%m/%Y'), 'COMERCIAL - JULIO', 133838, 8, 'BEA.SC', STR_TO_DATE('14/11/2025', '%d/%m/%Y'), '0', '476', 'N'),
(8, NULL, NULL, 1, NULL, NULL, STR_TO_DATE('11/12/2011', '%d/%m/%Y'), NULL, 884, 8, NULL, NULL, NULL, NULL, 'N'),
(9, 'EM USO', NULL, 1, NULL, NULL, STR_TO_DATE('11/12/2011', '%d/%m/%Y'), NULL, 133838, 8, 'BEA.SC', STR_TO_DATE('16/10/2025', '%d/%m/%Y'), '44136', '250', NULL),
(10, NULL, NULL, 1, NULL, NULL, STR_TO_DATE('11/12/2011', '%d/%m/%Y'), NULL, 884, 8, NULL, NULL, NULL, NULL, 'N'),
(11, NULL, NULL, 1, NULL, NULL, STR_TO_DATE('11/12/2011', '%d/%m/%Y'), NULL, 884, 8, NULL, NULL, NULL, NULL, 'N'),
(12, NULL, NULL, 1, NULL, NULL, STR_TO_DATE('11/12/2011', '%d/%m/%Y'), NULL, 884, 8, NULL, NULL, NULL, NULL, 'N'),
(14, NULL, NULL, 1, NULL, NULL, STR_TO_DATE('11/12/2011', '%d/%m/%Y'), NULL, 884, 8, NULL, NULL, NULL, NULL, 'N'),
(15, NULL, NULL, 1, NULL, NULL, STR_TO_DATE('11/12/2011', '%d/%m/%Y'), NULL, 884, 8, NULL, NULL, NULL, NULL, 'N'),
(16, NULL, NULL, 1, NULL, NULL, STR_TO_DATE('11/12/2011', '%d/%m/%Y'), NULL, 884, 8, NULL, NULL, NULL, NULL, 'N'),
(17, NULL, NULL, 1, NULL, NULL, STR_TO_DATE('11/12/2011', '%d/%m/%Y'), NULL, 884, 8, NULL, NULL, NULL, NULL, 'N'),
(18, NULL, NULL, 1, NULL, NULL, STR_TO_DATE('11/12/2011', '%d/%m/%Y'), NULL, 884, 8, NULL, NULL, NULL, NULL, 'N'),
(19, NULL, NULL, 1, NULL, NULL, STR_TO_DATE('11/12/2011', '%d/%m/%Y'), NULL, 884, 8, NULL, NULL, NULL, NULL, 'N'),
(20, NULL, NULL, 1, NULL, NULL, STR_TO_DATE('11/12/2011', '%d/%m/%Y'), NULL, 884, 8, NULL, NULL, NULL, NULL, 'N');

SET FOREIGN_KEY_CHECKS=1;

-- ============================================================================
-- IMPORTAÇÃO CONCLUÍDA ✓
-- tabfant: 275 projetos (DELETE + INSERT)
-- locais_projeto: 120 locais (DELETE + INSERT com FK correto)
-- patr: 24 patrimônios (INSERT IGNORE - apenas novos)
-- ============================================================================
